teff_gspphot,lum_flame,mass_flame,log_L,log_Teff
6074.9487,8.696331,1.5246959,0.9393360615218604,3.78354261487924
6585.409,2.4998531,1.302147,0.39791448877849916,3.818582752863036
4317.828,0.15716454,0.68353254,-0.8036454342476747,3.6352653382903215
5012.1675,0.49173203,0.8035065,-0.3082715021039767,3.700025576111058
4036.2983,0.13802657,0.6454493,-0.8600373042243485,3.605983255002107
6286.418,3.520586,1.2754418,0.5466149576215399,3.798403254991764
6124.6157,6.537239,1.4204932,0.8153943629655762,3.787078843305062
6016.7964,18.531746,1.8282527,1.2679163390405945,3.779365315820633
4913.6406,1.8068454,0.9489745,0.2569209943986357,3.691403387564298
5420.7764,0.3583806,0.8966933,-0.44565550777382423,3.7340614935656116
4464.601,0.17492089,0.705907,-0.7571583216249992,3.649782652196302
6307.5815,1304.9958,5.6726193,3.1156091139426834,3.7998628707269257
5106.47,193.31755,3.4941812,2.286271282493001,3.7081207848146214
5059.1465,1.0548807,0.9487986,0.023203346589787923,3.704077255652962
5893.064,3.473473,1.1357594,0.5407639273656684,3.7703411576564783
6173.6924,2.5897894,1.1832743,0.41326444897058756,3.790544987259687
6311.762,2.5680916,1.2074146,0.40961051031000206,3.8001506144036097
5062.8247,7.9635663,1.460825,0.9011076000939927,3.7043928902269174
6307.4707,25.739328,2.1968782,1.4105972041961243,3.799855241772589
6251.401,12.594676,1.6979686,1.100186999684705,3.795977357885618
6481.205,2.7919123,1.2632692,0.44590177203698883,3.8116557583704114
4646.329,0.32203877,0.75233454,-0.4920918407778026,3.6671099583324387
5408.4316,0.32784313,0.8963574,-0.48433391260552255,3.733071341590967
6394.9854,2.8970358,1.2755393,0.46195386201300803,3.8058395573046377
5421.285,10.046984,1.514618,1.0020357106384241,3.7341022389857876
6177.086,1.1156076,1.1206828,0.047511464205360156,3.790783647810973
5850.4883,569.6646,4.67994,2.755619232441875,3.767192115166868
4573.521,0.117621444,0.72585833,-0.9295134932099345,3.660250677553167
6503.456,2.7343857,1.2930268,0.43685977415543187,3.8131442063130967
5750.556,1.0487381,0.98168105,0.020667045938157692,3.759709837047587
5743.0347,28.199495,2.2370186,1.4502413309903843,3.7591414403405423
6392.6123,2.862248,1.2526712,0.4567072605786549,3.8056783660831095
6344.0483,6.4925666,1.461316,0.8124164132669383,3.802366480794986
6224.768,6.9016104,1.4742011,0.8389504394663617,3.7941231697119675
6289.2246,2.7502842,1.1899129,0.43937757387186727,3.7985971044755504
4346.6294,0.20881914,0.7015518,-0.6802296971667962,3.6381526131845807
6070.062,8.6861315,1.5162302,0.9388263998929008,3.7831931270094197
6098.3994,165.08516,3.262797,2.217708034984297,3.7852158640332756
6491.3677,1.7915758,1.2181107,0.25323518750928564,3.8123362102030898
6732.513,6.5603685,1.4868958,0.8169282346533727,3.8281772006758708
6398.525,2.6549308,1.2450895,0.4240532058055074,3.8060798711417796
6115.773,3.4008856,1.219913,0.5315920232516428,3.786451357270537
5782.1357,2.0679219,1.0167373,0.3155341325652641,3.762088279840629
4995.789,0.3364576,0.8027144,-0.47306965728322853,3.698604087414106
5988.851,21.263317,1.9186423,1.327631013829328,3.7773435081613878
4392.624,0.16741042,0.7001806,-0.7762175140389082,3.642724030100319
5389.563,1.837856,0.95986426,0.26431148046938524,3.73155355287086
5644.34,1.7434462,0.95968926,0.24140855027601776,3.751613166612507
6464.869,2.4935846,1.2668866,0.39682410714026495,3.810559729037984
9007.25,19.89328,2.0287766,1.2987063954150195,3.954592216936464
5932.636,8.111798,1.5023507,0.9091171273223931,3.773247702788667
6452.431,1.1927034,1.1356714,0.07653245728444316,3.8097233690501606
6106.299,22.116417,1.9678636,1.3447147698673332,3.7857780660731626
6347.1455,1.2940995,1.2089565,0.11196766940815696,3.8025784540604257
6450.136,2.764648,1.2654881,0.441639843999066,3.809568871755711
5876.9136,4.57013,1.2334347,0.6599285540041271,3.769149305940014
6040.6157,7.327941,1.4526334,0.8649819640061935,3.781081207078863
4697.4727,0.25074822,0.7550401,-0.600762141246414,3.671864264818586
6267.483,30.773659,2.074261,1.4881791371000492,3.797093164646017
6412.0522,1.6379023,1.2149961,0.2142879927624111,3.8069970492528618
5515.7104,4.3444295,1.2617731,0.6379327540253839,3.741601455657602
5913.77,0.8815056,1.0252823,-0.054774924384087965,3.771864429815861
5844.7036,0.9347116,0.9781883,-0.029322367575895607,3.7667624918625524
5393.0938,0.3624853,0.90868646,-0.440709600840108,3.731837973870239
6051.9707,4.186921,1.2517244,0.6218947665784178,3.78189681676372
6353.752,5.946096,1.431762,0.7742319166303887,3.803030259415671
6169.701,3.4935944,1.2687594,0.5432724827686055,3.790264117485985
6409.455,3.0638433,1.253861,0.4862665495749295,3.8068211027551166
6065.9443,4.1621943,1.2640557,0.6193223501303428,3.7828984181220724
6129.234,4.9423532,1.3676716,0.6939337785670422,3.7874062020290293
8595.542,87.86267,2.6968448,1.9438043966147998,3.9342732667342686
5949.743,0.88181686,1.0184988,-0.054621601886464664,3.774498206721424
4529.4844,0.22068475,0.73044926,-0.656227676895791,3.656048768242603
5896.096,437.0038,4.3787413,2.640485213427758,3.7705645460740014
6103.2085,20.534548,1.8792682,1.3124851477415942,3.7855582067340388
6011.9,5.4248195,1.3410143,0.7343852924822064,3.779011748061014
6261.6606,7.4337316,1.5044155,0.8712068765413534,3.796689523909797
6154.607,7.2589836,1.4742851,0.8608758152161441,3.7892003264500236
5925.046,5.7906337,1.3599725,0.7627260934949059,3.7726917264068027
6131.674,1.8051375,1.0944946,0.25651028835630013,3.787579056853457
6216.374,1.177737,1.1524353,0.07104831914298258,3.79353713533759
6470.426,1.8233613,1.2412363,0.26087273286195717,3.8109328746963405
6161.219,11.240584,1.6273158,1.050788875413536,3.789666646027815
5842.5063,17.355227,1.8193004,1.2394302984570225,3.7665991893661492
5351.072,37.67552,2.3445811,1.5760592551889814,3.7284407945534603
5841.9546,0.53093195,0.9663444,-0.27496113924504045,3.7665581775868477
5746.5356,2.8169634,1.0771486,0.4497812043584046,3.7594061015174267
15007.246,275.63635,4.1148667,2.440336490316245,4.176301001587671
4529.9717,0.20301822,0.72891605,-0.6924649843016739,3.6560954888622295
5120.0483,2.4642432,1.019856,0.39168356680647287,3.7092740579142167
6059.1616,13.625197,1.6756583,1.1343427902436838,3.782412535439652
6163.269,0.73477054,1.0476485,-0.13384826468512157,3.789811123217636
6515.6025,2.0702798,1.270545,0.31602904467633836,3.813954581265329
5896.65,5.343603,1.3006403,0.7278341850000694,3.770605350674245
6099.283,158.339,3.269489,2.199587897798001,3.7852787846098734
6299.6323,4.7051134,1.3346006,0.6725700950110456,3.7993152010819404
6407.724,1.7731094,1.1812767,0.2487355321889392,3.806703797105762
6099.8525,12.86181,1.6924704,1.1093020897156467,3.7853193335008375
6175.2144,14.434091,1.7058632,1.1593894389881696,3.790652040655669
5816.97,1.3533063,1.0058924,0.13139610357815582,3.7646968240067133
5901.3228,21.129768,1.8208725,1.3248947286248198,3.770949371023428
5571.479,36.123497,2.3423593,1.557789786333862,3.7459704979163018
6420.7637,4.679188,1.356655,0.6701704945878557,3.8075866870984827
6283.2026,221.62114,3.5676203,2.345611184519639,3.798181063638181
5911.5303,5.0021377,1.2896158,0.6991556429176792,3.771699919936522
12349.423,68.38599,2.9893377,1.8349671384320962,4.091646666602157
7731.159,49.212955,2.4657817,1.6920794431008166,3.8882446051180053
5985.801,14.705136,1.724785,1.167469045420879,3.777122274475691
6074.7954,2.8758724,1.151932,0.4587696128633998,3.7835316554148215
5847.595,1.9171877,1.1269484,0.2826646340484885,3.7669772860845496
5973.54,8.318152,1.4827983,0.9200268520902409,3.776231776160065
15095.41,357.40836,4.2882833,2.5531647067018195,4.178844913206711
6464.9224,1.4931743,1.1027353,0.17411050639206682,3.810563316307819
6194.905,1.3969002,1.124439,0.14516537953040312,3.792034650777921
5984.927,5.019248,1.3284006,0.7006386546122475,3.77705885755103
6458.7466,2.9499905,1.2536823,0.4698206174004609,3.810148245933377
6155.225,4.355576,1.3299373,0.6390455961014673,3.7892439328924254
4941.3623,4.6485844,1.1499168,0.6673207204453397,3.6938466974681257
6129.6074,18.767263,1.8199016,1.2734009401402822,3.787432658943562
5918.2354,429.62686,4.277276,2.633091425357066,3.77219223539167
5837.8125,701.9686,4.9793825,2.8463176859877475,3.7662501421211565
18057.22,1491.2545,5.985008,3.1735517672046143,4.256650889300142
18653.365,998.8715,5.664427,2.9995096219292745,4.270757188375695
6114.269,14.23425,1.7038,1.153334589189868,3.7863445417904145
7543.2285,36.89047,2.454481,1.566914188355191,3.87755726359372
15908.899,652.1912,4.864011,2.8143749345845896,4.201640124664179
6342.3247,69.332985,2.501609,1.8409398983254373,3.802248472287178
7993.231,23.680494,2.125216,1.374390757984846,3.9027223640240094
6113.487,4.573729,1.2606769,0.6602704284624021,3.786288993039636
9686.039,39.65457,2.3576903,1.5982932449048917,3.9861462133632872
5610.8813,1.0669535,0.91001886,0.028145492401541183,3.7490310811610787
6127.582,18.741121,1.8110113,1.2727955646496054,3.7872891317412076
6356.655,29.70176,2.0680845,1.4727821845239932,3.80322864124607
6196.408,2.1852996,1.1683828,0.3395109862525043,3.792140005974663
5903.802,5.0679984,1.2838738,0.7048364691018376,3.7711317838167875
5960.1753,7.3988385,1.4545628,0.8691635477535921,3.775259033348135
5821.9795,18.984943,1.8479924,1.278409297561008,3.7650706718941773
5964.9805,3.940653,1.1891626,0.5955681941094272,3.7756090282651638
6005.9946,597.04535,4.2730002,2.7760073202528788,3.7785849373882274
5252.903,158.20538,3.3907137,2.199221248217183,3.7203993812040803
6038.8086,7.80197,1.4698197,0.8922042760373585,3.780951264865623
6147.61,1.2856233,1.133803,0.10911373476472444,3.7887063083689667
6096.3037,7.927428,1.4902034,0.8991323062847844,3.7850665941499138
6357.8516,26.829792,1.9725096,1.4286173057840377,3.8033103867348927
6052.5654,10.766655,1.5849253,1.0320807970134496,3.7819394908367223
6241.823,5.5654683,1.3988734,0.7455017134234749,3.7953114491718014
6323.0996,4.7124414,1.3592017,0.6732459627226293,3.8009300227731613
10473.723,85.61245,2.792526,1.9325369255782352,4.020101083871151
6267.603,3.9570496,1.3028297,0.5973714940040358,3.797101479760541
6138.5146,22.701618,1.8881067,1.3560568115292442,3.788063293117061
6542.1436,2.270289,1.2809491,0.35608114490958287,3.815720072654011
5374.781,0.29893532,0.8943324,-0.524422768885521,3.73036077325198
6342.628,1.3907732,1.16223,0.14325631329950372,3.802269240439729
10924.621,61.077847,2.682441,1.7858837197318067,4.038406379238456
6073.7417,3.6694093,1.2023658,0.564596157331647,3.783456318591472
6038.6196,8.465807,1.4988549,0.9276683633831564,3.780937672293475
6377.3647,2.956368,1.2430503,0.470758492788398,3.804641253535577
6339.1504,3.010482,1.2415061,0.47863603485688727,3.802031055781318
6112.8257,4.6177135,1.3417826,0.6644269841833901,3.7862420125724734
5311.989,87.26249,2.9965012,1.9408276012457042,3.7252571670293424
11047.8125,55.247494,2.6531482,1.7423125834131734,4.043276294923729
4502.8696,0.5253169,0.80580646,-0.27957862725955673,3.653489370276181
5952.1836,1.675979,0.9862493,0.22426857262286296,3.7746763189150228
5191.783,2.7573197,1.0684588,0.44048712370329207,3.7153165320449992
4947.3447,0.28801116,0.820194,-0.5405906836556471,3.6943721703384416
6027.0645,16.269714,1.7854983,1.2113799186828007,3.780105839193844
9242.441,50.280342,2.4210353,1.7013982230355524,3.9657866868939173
6039.74,0.5055706,0.95631397,-0.2962181891343173,3.78101824342317
7078.0884,3.781181,1.387414,0.5776274669472439,3.8499159823467712
6153.958,4.013529,1.2952976,0.6035264053455495,3.789154527915586
6096.2905,4.665787,1.334875,0.668924908732037,3.7850656537943066
6040.433,31.063185,2.1338096,1.4922459831700419,3.78106807153015
6351.59,6.4744596,1.4577048,0.8112035252579644,3.8028824562823216
6035.0933,4.842206,1.2530614,0.6850432615122022,3.7806839884950003
6108.9946,17.145224,1.8112545,1.2341431634858686,3.785969741240826
6044.613,17.915243,1.7495236,1.2532227032553183,3.7813685008386937
6278.1304,2.1126862,1.1987493,0.3248349955241726,3.7978303319776425
5154.192,0.70602995,0.83963466,-0.15117687565662943,3.7121605925205547
6482.621,2.5027425,1.2664921,0.3984161685926941,3.811750631749431
5062.9307,0.42371854,0.80760086,-0.37292253282804894,3.7044019829243537
4522.1797,0.21643478,0.71965617,-0.6646729489795844,3.655347816118091
5505.7935,0.40655923,0.91823167,-0.3908761748219126,3.7408199187368805
6095.2764,128.1292,3.1686933,2.1076481145514645,3.784993404174758
6192.6265,6.3233457,1.4487016,0.8009469255263814,3.7918748869075847
5067.3906,63.126587,2.1512847,1.800212309410744,3.7047843814737424
6098.7275,5.4581923,1.368799,0.7370488324254275,3.7852392288831647
4251.745,0.11100107,0.6711398,-0.9546728347912173,3.6285672096579833
6423.436,2.2233193,1.2632211,0.34700183798918177,3.8077674013800795
5163.402,0.55664295,0.8430391,-0.2544232869916308,3.712935938641118
6333.7095,1.8652505,1.2077861,0.27073716507885187,3.8016581402736236
4778.853,0.38571873,0.79001516,-0.4137292718465677,3.6793236716024587
6062.2324,9.675198,1.5626215,0.985659861487076,3.7826325813392505
6402.963,14.610224,1.7606201,1.1646568744707917,3.8063809922283127
4536.527,0.29611096,0.74721843,-0.5285455177054941,3.656723500006887
5279.547,0.3145017,0.86987364,-0.5023770026873169,3.722596660442849
5698.5205,85.01323,2.147064,1.9294865171129996,3.7557621149550298
5783.6597,1.3612108,0.9878931,0.13392538617883903,3.762202731942082
6547.3643,3.3402028,1.2936001,0.5237728357478361,3.8160665060477217
4377.1143,56.60388,1.335107,1.7528462015917319,3.641187887534099
5933.206,6.5587206,1.3926436,0.8168191304503237,3.7732894272368562
4409.7256,0.18709508,0.70759267,-0.7279376329005527,3.6444115658593326
6367.8906,5.4573393,1.4062979,0.7369809560805287,3.803995593639091
6203.5522,5.197239,1.3861363,0.7157726887286803,3.792640440964917
6474.1533,2.3742414,1.2791005,0.3755248735730947,3.811182978748333
5167.7603,0.74138784,0.905723,-0.12995454140358015,3.7133023612560763
6506.6987,2.0148804,1.2473518,0.30424927223316306,3.813360696705118
5884.2773,4.8602376,1.2890917,0.6866575009179724,3.7696931309185318
6339.954,6.192657,1.4471692,0.7918770258948269,3.8020861068377827
6022.629,0.98623747,1.0423688,-0.006018501394108759,3.7797861110179385
5366.201,0.36027476,0.88211143,-0.44336616245885235,3.7296669358640577
6508.5635,2.4372125,1.2815998,0.38689339687205343,3.8134851463463084
6502.499,1.8895478,1.2482469,0.2763578827646282,3.8130802940790574
6373.4585,6.0735135,1.4421095,0.7834400011602253,3.8043751622986943
6197.8643,5.764382,1.4031819,0.7607527533693864,3.7922420632865563
6262.2,3.9756896,1.3081262,0.5994124697218897,3.796726933850895
6486.7617,1.4425845,1.1663312,0.15914126155664443,3.8120279438257128
6153.8564,7.7312746,1.5119649,0.8882510988489931,3.789147357784817
6439.034,2.513031,1.2649639,0.4001978459526635,3.808820718301225
4446.6104,0.25572962,0.7084809,-0.592218966703632,3.648029079405668
6480.9736,2.0048888,1.2486818,0.30209028973143814,3.811640252374664
5152.107,1.3542391,0.94675887,0.13169534872377536,3.7119848739610366
5753.0317,3.9646575,1.2130855,0.5982056753144505,3.7598967670547268
5202.7935,1.8622541,0.946018,0.2700389391043611,3.716236588996126
5273.371,0.2837289,0.87747616,-0.5470964256729842,3.7220883265343585
5999.1475,2.2565665,1.1288753,0.3534481365078347,3.7780895399918935
6128.221,2.4596114,1.1606208,0.390866497279433,3.787334418724719
5255.1353,0.273861,0.86837876,-0.5624698103555812,3.720583901960259
5035.3423,6.129356,1.3616911,0.7874148464044092,3.702028999010423
6507.0234,16.061405,1.8037903,1.2057835332874842,3.8133823685092674
6108.823,9.9374485,1.6117594,0.9972748909753419,3.7859575418553812
4197.7573,0.13711017,0.6717194,-0.8629303306877146,3.623017325547542
6278.1445,2.229274,1.1999626,0.3481634508825716,3.797831307354853
6509.3423,2.165831,1.2578003,0.33562456557143144,3.81353710993371
6360.959,1.865035,1.2206616,0.27068698636681804,3.803522596310514
6303.995,7.979616,1.514188,0.901981992466811,3.7996158600219063
4957.693,0.4360934,0.82630175,-0.3604204860513399,3.6952796300288235
6327.2354,3.4813795,1.2723513,0.5417513676601718,3.801213992356931
6079.583,10.862254,1.5784763,1.0359199539996629,3.7838737919356156
5928.5146,1.6233778,1.0526011,0.21041960261210096,3.7729458937298137
6155.8164,11.711749,1.6514703,1.068621756244794,3.7892856583238412
5163.0503,0.58114064,0.8353425,-0.23571875266207903,3.712906356096231
5572.32,19.041437,1.9364392,1.2796997201840195,3.7460360485709705
5315.3696,2.3742487,1.0173197,0.3755262088816459,3.725533468230855
6099.0957,137.71608,3.1670022,2.1389846522943397,3.785265447861037
6661.019,2.9370368,1.338511,0.46790938810836685,3.823540672447339
5754.172,9.701118,1.5730144,0.986821787178794,3.759982839399016
4528.2065,0.2044121,0.72140276,-0.6894934000847983,3.6559262237821586
5990.357,6.8377457,1.4132811,0.8349129450799955,3.777452705279126
6034.239,7.9116306,1.474107,0.8982660015255717,3.780622507417624
5798.3,33.588245,2.0954065,1.5261873123642102,3.7633006816940386
4282.5474,0.13586923,0.6766694,-0.8668788858301664,3.6317021785130925
5622.009,2.8241851,1.071952,0.45089315742020153,3.7498915365128322
6094.109,1.570753,1.1286464,0.19610789785301047,3.7849102178018463
5940.755,2.2800002,1.0785306,0.35793488509645927,3.773841642202966
6500.879,2.003935,1.2524672,0.30188363056888995,3.812972082649024
6228.7676,3.796176,1.2919804,0.5793463391759378,3.7944021273229356
5335.944,0.5045915,0.8543177,-0.29706006958179787,3.7272112630714225
5970.8057,58.603466,2.556597,1.7679233023689485,3.776032938743192
5377.0176,0.29139784,0.8917649,-0.535513671782081,3.7305414580077816
6230.433,4.2183137,1.3219985,0.6251388734388136,3.7945182301224154
16826.014,443.8458,4.769212,2.647232114617454,4.225981245932274
6340.873,3.3373773,1.26081,0.5234053076572778,3.802149054882034
6306.6743,52.76204,2.472173,1.7223215788306467,3.7998004029982053
6222.3354,6.3676567,1.4525373,0.8039796412065906,3.7939534170014486
6200.498,14.328662,1.740553,1.156205638188926,3.792426571750903
6337.7236,2.827558,1.2218312,0.4514115221108808,3.801933294871271
5435.4346,1.7888019,0.9663837,0.2525622474983001,3.7352342746110776
6049.7188,2.7073658,1.1744655,0.4325469385147428,3.781735188462963
6033.639,22.744528,1.9697839,1.3568769286743312,3.7805793222463193
5912.465,5.6142936,1.359984,0.7492951203621512,3.771768582861833
4881.7656,4.3624988,1.0601752,0.6397353205051275,3.6885769227521097
13649.42,180.6895,3.595149,2.256932916121792,4.135114197446286
6238.9146,16.150492,1.7720975,1.208185756984797,3.795109040927271
6260.2686,1.3723738,1.1376587,0.1374724183435945,3.7965929672352394
9965.168,70.91886,2.6366029,1.8507617458278,3.9984846247482912
6098.185,21.253765,1.8258896,1.327435874334057,3.785200595375449
6049.9844,7.2511897,1.4343253,0.8604092669512754,3.7817542548173195
5961.0293,5.793742,1.4209253,0.7629591518150872,3.7753212565043723
5818.8228,3.871336,1.2000406,0.5878608661299297,3.7648351318705093
6508.9424,1.8793883,1.2641331,0.2740165188579196,3.8135104283289714
6416.0522,4.0987277,1.3194717,0.6126490668123306,3.807267888642649
6076.453,23.70782,1.9180391,1.3748916212283817,3.7836501430819274
4973.359,0.39464936,0.79943043,-0.4037885971502509,3.696649809743316
5310.4233,0.6973947,0.8510566,-0.15652135746118997,3.7251291405780926
9704.247,20.970055,2.153779,1.3215995695290148,3.9869618419982373
5649.808,0.39738178,0.8912555,-0.4007920492213217,3.752033689242915
6534.4985,2.4345016,1.2858235,0.38641006430846586,3.815212262606677
5244.737,0.26967388,0.87833714,-0.5691611162879897,3.7197237151582727
5854.8804,4.6805973,1.276339,0.6703012777625449,3.7675180279906963
6170.0264,2.6269934,1.1922146,0.4194589816756092,3.790287022274699
6031.3574,1.144602,1.0417138,0.05865450042979196,3.780415064211112
5161.112,0.6785187,0.83808625,-0.16843817866762095,3.7127432836880874
5660.4414,0.40381363,0.9292061,-0.3938190263188597,3.7528502986988457
6283.2437,5.583704,1.4097487,0.7469223876641874,3.798183904457738
6334.8296,2.0667076,1.2071677,0.3152790365260482,3.801734937329165
6293.4277,3.5009387,1.2712567,0.544184506513444,3.7988872473105046
4926.032,46.353645,2.8019567,1.66608389039304,3.6924972287329427
6069.2954,3.6418924,1.2384557,0.5613271103835119,3.7831382756463205
6416.0913,2.1725492,1.2391943,0.33696962035502576,3.8072705352642746
6446.9077,2.276572,1.2666382,0.3572813900750121,3.8093514524869505
6048.4966,8.558165,1.5121608,0.9323806553541218,3.7816474408572147
6131.7144,13.695276,1.7232088,1.1365707889864152,3.787581918297048
6533.3325,2.4181886,1.2869656,0.3834901694549066,3.815134761242106
6111.792,4.3521194,1.3284389,0.6387008016831882,3.7861685656609985
4999.0757,0.338723,0.8205358,-0.4701553128506552,3.698889713236559
6311.4263,4.8520303,1.3665421,0.6859235042888704,3.8001275152223024
5528.7007,47.94295,2.491375,1.680724753295981,3.742623079745796
4888.677,4.7519445,1.0703589,0.676871359691045,3.689191343921295
4831.713,0.4012789,0.78274745,-0.39655367568725264,3.6841011296242367
3961.1995,0.11213724,0.5990524,-0.9502501372648203,3.597826715559383
10808.248,51.02618,2.5882328,1.707793056730844,4.033755301206039
6454.2236,2.919525,1.2829515,0.46531219848285726,3.8098440070183086
5728.3613,0.49015692,0.93884826,-0.3096648616446166,3.7580304020455855
6277.0107,3.9888935,1.3038409,0.6008524411782863,3.7977528689640763
6551.172,4.228392,1.344328,0.6261752424824355,3.8163190019155726
5358.3765,11.574531,1.6161015,1.0635034024339565,3.7290332255334477
5756.709,4.8200703,1.2813314,0.683053372404707,3.760174276547646
4473.3623,0.26824212,0.70921546,-0.5714730272027702,3.6506340733389657
4368.374,0.2322196,0.70220846,-0.6341011273510654,3.64031981357556
6446.2812,3.0597298,1.2646477,0.4856830763017774,3.8093092464050824
4606.7124,0.18351105,0.73239774,-0.7363377798612697,3.6633910998168635
6368.5273,1.8346643,1.2225019,0.2635566102801743,3.804039014842608
5078.4443,0.95194227,0.86679524,-0.02138938835991441,3.7057306935045027
6361.462,3.6819532,1.2918404,0.5660782640400969,3.803556937278245
6313.481,3.2796338,1.2610363,0.5158253536147355,3.8002688778253915
4503.9893,0.17794901,0.7117638,-0.7497044238036199,3.6535973501033974
5143.4,0.51015425,0.8482311,-0.29229849097011906,3.7112503005290636
6341.19,2.4920778,1.209274,0.39656159640738575,3.8021707660737842
5406.5225,2.6720672,1.0433073,0.4268473760423547,3.732918014707404
5906.8135,2.0690408,1.0622824,0.315769054725742,3.771353258787435
5526.5737,0.50832564,0.9422332,-0.29385798388439427,3.742455965960831
6119.0537,24.261354,2.0199523,1.3849150347135468,3.7866842645238825
6391.1104,51.03974,2.4777665,1.7079084533923203,3.8055763196134422
4816.035,33.711792,2.6026192,1.527781838697968,3.682689634448197
6048.646,11.07512,1.6117359,1.0443484405434584,3.7816581679516608
5134.4854,0.88873065,0.8641411,-0.051229841890541146,3.7104969232712777
3934.3367,0.09817742,0.60012645,-1.0079883848913307,3.594871524036505
6286.68,1.4423318,1.1957873,0.15906517878373516,3.7984213547718304
4211.875,0.0907716,0.65485114,-1.042050009326581,3.6244754737157776
4717.0376,0.18853764,0.76126844,-0.7246019334558899,3.6736693380662313
5640.632,3.2101626,1.1103935,0.5065270306897045,3.7513277668796854
6121.1973,387.4298,4.0760674,2.588193022366102,3.786836378015824
16511.873,542.93207,4.9820647,2.734745495390587,4.217796339612129
5494.6455,0.381028,0.9162229,-0.4190431088422757,3.7399396781316314
6537.875,5.54496,1.4189863,0.743898417601151,3.815436612890236
6206.761,3.2896445,1.2569156,0.5171489678495815,3.7928650225918474
4670.363,0.19843307,0.76488316,-0.7023859485039889,3.669350637047956
5647.523,0.50533986,0.9495934,-0.29641644430024877,3.7518580082958524
5724.306,7.799632,1.505697,0.8920741124161752,3.7577228414677855
4948.7817,0.4465055,0.82733226,-0.35017318715631035,3.694498296693271
5467.9307,3.3963294,1.1391203,0.5310098045591928,3.737823001726378
6126.1494,15.259474,1.7117087,1.1835395635772743,3.787187583852275
6031.897,4.235206,1.2781013,0.6268745392210258,3.780453916960929
5606.1333,2.7231617,1.0515213,0.4350734302979914,3.748663419996899
6490.06,2.5436256,1.2863958,0.40545318723577345,3.812248711830949
6008.653,1.2564261,1.1022309,0.09913694950953295,3.7787771242101753
5102.62,0.66521084,0.8312302,-0.17704068231207065,3.7077932269549905
5858.2627,1.2709017,1.0144814,0.10411196062596936,3.767768842695926
6216.7324,25.201185,1.9818683,1.401420962482389,3.7935621735118565
6099.364,215.32787,3.5743465,2.333100244425796,3.7852845521106517
6672.277,12.715737,1.7133487,1.104341536808799,3.8242740677667224
5155.9805,2.9260356,1.0800095,0.4662796057228197,3.712311266175855
9598.523,31.102781,2.250898,1.4927992224338191,3.982204409883325
5784.4155,1.9833533,1.0081353,0.29740008312796634,3.7622594811876073
4824.085,0.6994083,0.82366955,-0.15526921814800476,3.6834149514342798
6011.1934,5.374631,1.3145362,0.7303486527430088,3.7789607008852073
6469.332,2.87202,1.2805872,0.45818745989456455,3.810859439294483
5359.727,2.432789,1.0134171,0.38610444345221306,3.729142669279893
6307.602,1.9017608,1.1974578,0.2791558912696814,3.799864282206494
5498.644,1.1688253,0.8920883,0.06774960362051977,3.7402556029624052
4668.389,0.21625645,0.73557466,-0.6650309305330488,3.669167037072275
6010.223,16.027014,1.7574785,1.2048526162955386,3.7788905861246613
4639.7275,0.21093541,0.74799806,-0.6758505085642655,3.6664924743648872
6396.0596,3.5415697,1.2799381,0.5491957933679303,3.8059125019520152
6469.19,4.1217246,1.3312072,0.6150789702922911,3.810849906549331
7936.458,58.44026,2.5153177,1.7667121394373808,3.89962672229296
6052.9575,8.180944,1.486984,0.9128034198493836,3.7819676245848997
4889.2163,0.35449943,0.79020953,-0.4503844587828997,3.689239250971851
6342.5684,2.3752542,1.2198995,0.3757100946976027,3.8022651594700214
4843.472,5.476591,1.0512539,0.7385103083789153,3.6851567934337095
5861.7793,0.87595177,1.027342,-0.05751980547518041,3.768029462925938
5861.834,0.7022817,0.9923189,-0.1534886482469152,3.7680335155857367
4337.159,0.11469924,0.6837297,-0.9404394597351731,3.6372053436513836
6379.4937,2.4906228,1.2327666,0.3963079594583265,3.804786212887098
5374.928,0.32751393,0.89758754,-0.4847702236310498,3.7303726510225954
6377.907,2.356246,1.2665046,0.3722206302854003,3.8046781822507336
6373.0107,5.164308,1.3875302,0.7130121357461129,3.8043446476414937
6005.728,19.64573,1.8805609,1.293268171049657,3.7785656590694137
6003.002,2.5065715,1.086924,0.39908009738417,3.778368488048331
6254.628,1.1968862,1.146929,0.07805285962819589,3.7962014847166383
6116.4243,4.710321,1.3281119,0.6730505045340685,3.7864976050524186
6264.982,50.38167,2.3362377,1.7022725589493979,3.7969198275549245
5543.9033,1.0640084,0.9612744,0.026945056586141977,3.7438156464517554
5955.413,162.5131,3.1701915,2.210888374720459,3.7749118846099914
6323.6655,17.050539,1.7992057,1.2317381124209374,3.800968889194025
6034.504,2.238326,1.0660552,0.3499233394266572,3.780641579501224
6017.523,4.972975,1.2574701,0.6966162759647127,3.779417758897877
6022.3643,6.161516,1.3995136,0.7896875805786511,3.7797670229625924
6152.2017,13.08734,1.7014806,1.1168513852281128,3.7890305653761196
9952.489,0.39953923,0.9066603,-0.39844057170402225,3.9979317062519213
6083.329,2.5977762,1.1780897,0.41460173361474645,3.784141304712268
9168.401,79.44058,2.6447713,1.900042406306559,3.962293599854415
6003.763,2.797942,1.1222161,0.4468387075321393,3.778423540029638
5779.099,0.5734429,0.94607836,-0.241509820046069,3.7618601342977445
16480.719,367.90665,4.625873,2.5657376378778878,4.216976154625721
5937.4844,6.880587,1.4313732,0.8376254905590832,3.773602481579817
5694.255,10.278932,1.5808868,1.0119479930053608,3.7554369118121933
6089.313,150.2535,3.1649363,2.1768245972337303,3.7845682980287654
5956.989,2.7050905,1.1109241,0.4321817991997581,3.775026798144218
6703.1094,2.0372283,1.3130957,0.30903970051438556,3.8262763074779578
6044.417,33.913563,2.1195817,1.5303734196793184,3.78135441836583
12090.339,68.68396,2.9036539,1.8368553266252992,4.082438478178003
10504.9795,101.92991,2.8851922,2.008301640747657,4.021395209236444
5996.954,4.8710427,1.2512772,0.6876219366530871,3.777930717568347
6232.732,387.04355,4.0804806,2.587759834426083,3.794678453151673
5905.2246,327.68262,3.9743595,2.5154534073931702,3.7712364202705566
11359.703,46.367775,2.6655207,1.6662162563787377,4.055366976872599
6095.832,675.46375,5.347042,2.8296020467741787,3.7850329894210533
9859.74,157.308,3.1017904,2.1967508095114523,3.993865462805909
5036.0996,57.682037,3.2027693,1.761040588782089,3.7020943106539854
6465.4336,2.3497772,1.2359138,0.3710266855067439,3.810597655863399
6129.258,3.2308915,1.2429451,0.5093223737581308,3.787407902575486
5984.657,4.683567,1.2751825,0.6705767373390382,3.777039264637837
6054.922,5.2164936,1.2950186,0.7173786788921714,3.7821085528981
6030.6685,45.177994,2.3378248,1.6549269434043559,3.780365456380489
6003.0444,565.88934,4.5770054,2.752731512944372,3.7783715555170745
5898.0254,67.835724,2.67435,1.8314584645179321,3.7707066385203043
10598.182,587.02704,4.222214,2.7686581064474822,4.025231373275784
5847.836,115.0909,2.8008258,2.0610409862186483,3.7669951845220084
4804.4375,0.3001481,0.75984794,-0.5226644014739489,3.6816425481031705
13151.337,182.03229,3.5380123,2.2601484326277763,4.118969906605701
5994.953,7.714511,1.468673,0.8873084026308895,3.777785782610737
6099.33,12.511553,1.675988,1.0973112199627995,3.7852821311937266
6035.312,5.0015993,1.2869385,0.6991088955573113,3.780699726194082
5966.7227,33.365715,2.277362,1.5233004358622715,3.775735854727248
5992.3994,4.7442617,1.2471722,0.6761686372978539,3.7776007518601995
6241.2886,253.19765,3.6697705,2.4034596705523925,3.795274265017929
10970.079,299.1927,3.6337276,2.4759509929745285,4.040209755117148
6266.557,165.53276,3.0578723,2.2188839562946896,3.797028994324082
15193.683,511.15665,4.547421,2.7085540152127643,4.181663061071363
6026.214,5.518365,1.3243421,0.7418104225374011,3.780044550066994
13825.164,793.34814,4.7218122,2.899463807875027,4.140670291793921
6188.5176,170.87343,3.479895,2.2326745372585766,3.791586630402727
19497.803,1690.009,6.5427647,3.2278890174183656,4.289985678094264
5504.645,13.898407,1.7056714,1.1429650253795542,3.7407293161302224
4704.88,42.79703,2.7018433,1.6314136311775072,3.672548551035872
5629.0874,1.4066666,0.93813694,0.1481911756593341,3.7504379917838557
5479.4546,4.603115,1.3000621,0.6630518250442106,3.7387373329372466
5589.3486,22.11202,1.9507531,1.344628418507315,3.7473611968113145
6183.7734,5.0609336,1.3427149,0.7042306393552664,3.7912535667879075
6337.793,2.7318454,1.2430657,0.4364561182061615,3.801938050501829
6516.565,2.292494,1.2720505,0.3603082076919818,3.8140187315211618
5544.482,0.50587946,0.93545645,-0.2959529537002517,3.743860977888228
6539.1562,1.7325069,1.2491622,0.23867497293807685,3.8155217114242204
6150.53,2.136741,1.1383301,0.32975188337713746,3.7889125411669324
5090.7485,16.563343,1.902392,1.219147995488062,3.7067816419675688
6228.4395,1.2861387,1.1511716,0.10928780637708173,3.7943792502818137
4948.8525,34.96497,2.5016313,1.54363315995106,3.6945045099051756
6162.694,6.3496866,1.4156086,0.8027522904495353,3.7897706039775123
5303.268,0.3081584,0.88709545,-0.5112259894652654,3.724543574691672
6496.1626,1.7283337,1.2452464,0.23762759814115036,3.812656886830253
5430.7397,21.477097,1.9019159,1.3319755786064917,3.7348589871854077
5523.5103,0.34209824,0.8563052,-0.465849160133132,3.7422151681985794
6506.6914,2.463306,1.2759641,0.39151836468394613,3.813360209460873
6373.567,3.0633214,1.2569685,0.48619256485222295,3.8043825555452657
6509.339,3.0197153,1.2936672,0.4799659994248986,3.8135368897621333
6207.862,11.590871,1.6314375,1.0641160723985181,3.792942054045131
5224.0444,3.0361412,1.0757356,0.4823219651664207,3.71800685942189
5413.3774,0.36287242,0.8870359,-0.4402460389556445,3.733468305499338
6360.4316,6.2108774,1.4457144,0.7931529565472752,3.8034865865821614
6033.063,0.82981396,1.0420752,-0.08101926328871596,3.7805378604414672
6100.308,5.917877,1.4103334,0.7721659343331635,3.7853517627687308
6310.345,2.5583234,1.2273618,0.4079554431754006,3.8000531036974428
5660.084,0.39470768,0.9540385,-0.403724423264551,3.7528228765002463
4543.072,0.22013979,0.73034334,-0.6573014521507905,3.657349619701466
6239.2363,8.042806,1.4988195,0.9054075932399518,3.7951314340744573
5933.2227,4.8605843,1.279925,0.6866884797587512,3.773290649629546
5324.707,0.35429424,0.8954277,-0.4506359082272242,3.726295715062109
6190.6074,4.083399,1.302518,0.6110218180890523,3.791733262513947
5578.282,0.379893,0.8984142,-0.42033870878637364,3.7465004654603633
6488.1753,3.98024,1.3202246,0.5999092598960872,3.8121225752959154
5907.984,1.674106,0.9918392,0.22378295291508857,3.7714393104853556
6364.756,2.2370756,1.2371233,0.3496806609442158,3.8037817591468217
5716.0723,236.9833,3.6753154,2.374717742746863,3.757097713347145
6384.406,1.8775876,1.2179285,0.2736002084240693,3.805120497069664
4877.9644,0.40252537,0.78190464,-0.3952067421190176,3.688238626453322
18113.158,686.3348,5.3857684,2.8365360199671783,4.257994175460791
6248.234,42.63644,2.3278565,1.6297809353970247,3.795757285754933
5024.4653,1.236696,0.90489507,0.09226295609785147,3.701089851243724
3570.5361,0.071279354,0.5445407,-1.1470362449350793,3.5527334283788705
5070.1567,1.5705487,0.9493058,0.19605140766438708,3.7050213819948064
5827.4985,3.0273468,1.1004522,0.4810621747389261,3.7654821704050883
6132.381,1091.2126,5.9039984,3.037909372047447,3.787629129394561
6510.5435,2.78817,1.2696532,0.4453192499894935,3.813617244973472
6391.012,3.5043483,1.2693323,0.5446072645196259,3.8055696329966686
5723.018,7.667689,1.480417,0.8846644896620823,3.7576251118507935
6416.3306,2.8228643,1.2358651,0.4506900013570873,3.807286732778717
5035.6216,0.2894806,0.83427674,-0.5383805358925396,3.702053087757048
5692.201,1.4808571,0.95721436,0.17051315192043956,3.755280227260739
5913.854,0.74378735,1.0478294,-0.12855121219903343,3.7718705985504233
5930.6826,0.67073834,1.0324317,-0.17344686829101927,3.7731046819566014
6484.6646,1.7270604,1.2492009,0.23730752629242124,3.8118875184098995
4513.051,0.14508037,0.7265275,-0.8383913455043867,3.6544702413183794
5341.5474,0.3229639,0.8921655,-0.49084601917659754,3.727667086603773
5270.1816,0.32326913,0.87886125,-0.4904357655732841,3.721825580396433
6023.6274,317.13574,3.873041,2.501245188132837,3.7798581001234877
4959.8516,3.6376579,1.090437,0.5608218538456062,3.6954686824851017
6368.258,2.212967,1.2310661,0.34497493772989674,3.8040206498468514
5950.7134,0.8052978,0.9941301,-0.09404348735879024,3.774569034150559
6125.08,0.82183653,1.0654577,-0.08521455859029481,3.787111765417249
6399.807,2.3776035,1.2416507,0.3761394313930519,3.80616687709344
5968.374,3.4495625,1.1577218,0.5377640180053912,3.7758560297875046
4700.3647,52.09584,2.6036456,1.7168030450427787,3.672131556032054
6113.8257,6.7013865,1.4467694,0.8261646664326585,3.786313053198179
4953.5083,46.946728,2.6012065,1.6716053290608506,3.6949128950243764
5942.65,460.05948,4.273184,2.6628139842160157,3.773980152680423
5989.5645,0.74980164,1.018484,-0.12505361400493034,3.777395246075005
4619.2354,0.08780198,0.6333256,-1.0564956903196563,3.6645700948111837
6090.0654,4.7595925,1.2762269,0.677569771506805,3.784621956459905
5373.341,34.255836,2.1032734,1.5347345707681608,3.730244402399903
5327.818,1.396902,0.9467907,0.14516593914773573,3.726549380774532
5595.655,0.59024435,0.9833243,-0.22896816142935708,3.747850930227386
6356.1904,1.7266682,1.2159213,0.23720889069231377,3.8031968980430286
5138.794,0.19912298,0.8009927,-0.70087861686214,3.7108612083727692
6189.296,1.4414188,1.1465983,0.15879018213511648,3.791641253106879
4661.6895,0.29629743,0.74548155,-0.5282721154509614,3.668543343202696
6142.027,1.055941,1.1203136,0.02363965296080156,3.788311721244992
6432.035,5.5868697,1.4102589,0.7471685426272342,3.808348398965754
5996.2695,7.9215612,1.4548547,0.8988107818076516,3.7778811438114355
6065.185,7.3888164,1.4550672,0.8685748751854364,3.7828440522353715
6070.1016,12.241072,1.6542089,1.0878194523927418,3.783195960259786
6380.849,1.3661451,1.1616257,0.13549682876183458,3.8048784673550817
10573.982,47.11876,2.5242927,1.6731938528265082,4.024238566773904
5049.047,0.2508233,0.80271924,-0.6006321225805024,3.7032094134258577
3963.8164,0.09812715,0.58226866,-1.0082108145992332,3.598113530194291
5015.806,0.68055105,0.8619929,-0.1671392916190056,3.7003407306219365
5281.202,87.09499,2.994506,1.9399931736307023,3.7227327790786453
5454.3677,0.30479577,0.9236718,-0.5159910644925615,3.736744412061462
6035.6167,4.651525,1.2533824,0.6675953594503484,3.7807216515209485
5790.7256,2.697885,1.0789223,0.4310234335012461,3.7627329858918785
6099.1763,109.50516,3.08343,2.039434584077759,3.7852711870567592
6203.406,8.505827,1.5397729,0.9297165453531481,3.7926302057642767
6119.245,1.1305748,1.1151989,0.0532993010047704,3.7866978416617565
6196.806,4.2098966,1.3188488,0.624271429184624,3.7921679001438195
18383.336,2060.1172,6.4661303,3.3138919280708143,4.2644243250548355
6174.255,4.5258236,1.3249286,0.6556976227429767,3.7905845621084895
6044.59,15.691487,1.7580636,1.1956641013494782,3.781366848327261
4753.765,0.23523985,0.7598749,-0.6284891061965135,3.677037708791861
5965.105,6.4385824,1.3972616,0.8087902581008253,3.775618092686873
9307.289,105.17609,2.8397996,2.021917021554566,3.9688231993707537
5909.0903,1.9696457,1.0526545,0.2943881122665525,3.7715206267188894
6344.407,1.4509448,1.1600745,0.16165089037611435,3.8023910356248716
5999.4043,9.667515,1.5872399,0.9853148545917205,3.778108130039231
6048.078,5.333749,1.2939167,0.7270325744435068,3.7816173834771365
6169.701,4.3737435,1.3185499,0.640853310068561,3.790264117485985
6166.948,245.83807,3.666789,2.39064913774767,3.7900702864499354
18109.896,1821.7877,6.2680497,3.2604977655620324,4.257915956291098
6075.913,307.3827,3.9732285,2.487679421049337,3.783611546643936
6054.503,12.371418,1.6740543,1.092419480896792,3.7820784987232754
6401.1777,138.1034,3.1617925,2.1402043707079716,3.806259883602325
10028.235,127.49358,2.9789746,2.105488316214896,4.0012245025904685
16782.508,553.8333,4.9658885,2.743379064756368,4.224856862879453
5774.5103,5.0394425,1.2903602,0.7023824942697982,3.7615151603346915
10393.339,54.728977,2.5612142,1.7382173303386086,4.016755092919696
5894.834,416.9346,4.2773285,2.620067937260031,3.770471579762056
5635.9546,0.3996413,0.9056037,-0.3983296369743965,3.750967486025521
5544.4663,0.65751725,0.9332385,-0.18209284894992925,3.7438597481190596
5934.216,14.179812,1.6932871,1.1516704728848581,3.7733633501879034
5754.68,1.2639658,0.976182,0.10173532309808972,3.7600211788610145
5905.419,3.733152,1.171681,0.5720756731348057,3.771250717010031
6332.3677,3.551113,1.2779092,0.5503644922102706,3.8015661249907864
5256.4365,0.2525584,0.883844,-0.5976381824358109,3.7206914223184873
6423.5273,3.1615348,1.2621853,0.49989796659041713,3.8077735742141217
6334.5723,5.4976587,1.405466,0.7401777749204097,3.8017172973535627
6170.3076,4.6103764,1.3340883,0.6637363834742182,3.7903068148683734
5982.3545,18.709587,1.812558,1.2720642008831917,3.7768721447087015
6257.8667,28.7256,2.0728533,1.4582691086907928,3.796426307919952
17652.4,870.9255,5.488523,2.939981006531541,4.246803759916359
6162.4336,11.232235,1.6330405,1.0504661811582017,3.789752252803103
6158.8115,3.0105822,1.2308481,0.47865048954650535,3.789496912035924
6039.4287,2.2803884,1.0669403,0.35800882314563437,3.780995858460164
4311.1157,0.1596409,0.6801521,-0.7968558324795206,3.63458967843201
6032.45,0.9475532,1.0912535,-0.023396397383288952,3.7804937309431796
6395.217,2.5627396,1.2589196,0.4087044797587873,3.805855285375058
5885.5083,0.50544184,0.9488826,-0.29632881043941656,3.7697839765001495
6076.967,11.659372,1.6223443,1.0666751589753438,3.783686877986807
6395.3535,2.387301,1.2596456,0.37790717996096584,3.8058645548907193
6468.093,3.0358796,1.2616429,0.48228454387282554,3.810776255683413
6449.41,5.660784,1.4198468,0.7528765837138132,3.8095199866563134
5342.075,10.279819,1.6506286,1.0119854679673064,3.727709981000497
6240.045,2.5864606,1.2289212,0.4127058671128125,3.795187721602491
6322.794,4.101413,1.3173535,0.6129335036425282,3.8009090324979153
5072.2334,0.61918974,0.8011205,-0.2081762485433502,3.7051992294951055
6083.593,3.058083,1.2251127,0.4854492685036466,3.7841601515074133
6244.133,2.6378152,1.2451288,0.42124436648269925,3.795472144959075
5038.149,0.49176368,0.83674914,-0.3082435499325189,3.702271007330597
4935.1245,30.388401,1.8572496,1.4827078486437322,3.6932981132328035
5929.146,0.6872827,1.0228,-0.16286458783704352,3.7729921445958796
5779.4287,1.3258305,0.9316119,0.12248800550164916,3.761884910271716
5057.6304,0.1173133,0.6645083,-0.9306527484200798,3.703947088925861
6021.3594,1.3383964,1.0964184,0.12658475979665912,3.7796945499406687
5382.1655,0.38979107,0.8966689,-0.4091681146646463,3.730957048060152
6104.435,16.049395,1.7767631,1.2054586658303748,3.7856454737293186
6166.9717,3.3679473,1.2522843,0.527365287252119,3.7900719554699176
6294.3916,7.464054,1.5033126,0.8729747727289565,3.7989537586643696
5768.699,6.0400805,1.3601475,0.7810427267788835,3.7610778788698385
6363.2153,22.458841,1.9777111,1.3513873405143948,3.8036766178802734
6397.5767,1.6320544,1.2045208,0.21273463065930306,3.806015501309842
6088.2603,137.50317,3.1678991,2.1383127105127406,3.7844932121654367
6383.9463,74.13749,2.6557646,1.8700378784617908,3.805089225192334
5131.453,0.27896392,0.8099702,-0.554451962884705,3.710240355469307
3679.2632,0.057239998,0.54890543,-1.2423003900867717,3.565760856659349
5265.9307,0.79470193,0.85849124,-0.09979573226140996,3.721475139463245
5401.577,0.4145248,0.9026111,-0.3824494815649539,3.7325205713807303
5977.7554,2.7619238,1.1326231,0.4412116924554911,3.7765381404450498
6584.437,2.8186576,1.3109401,0.45004232260372506,3.818518646686369
5617.656,3.7375238,1.1798302,0.5725839668644619,3.7495551414380244
5176.1504,0.61197764,0.8521364,-0.213264445504793,3.7140068868532867
6314.344,16.20597,1.8002609,1.2096750306190696,3.8003282381884733
5807.1523,6.9111166,1.4079155,0.8395482201733409,3.763963216111203
6056.335,29.526596,2.0692363,1.4702133818235645,3.782209889713216
5008.8667,0.42477784,0.8411237,-0.37183814780405505,3.6997394740483167
6470.149,2.3155367,1.2666513,0.36465166871629784,3.810914282080246
5329.184,1.6052228,0.94064856,0.20553531966625257,3.7266607153253797
4006.5413,0.07170377,0.6077243,-1.1444580096438628,3.6027696238696802
5566.673,2.710568,1.0598342,0.43306030689583513,3.745595710535134
5906.486,5.2925687,1.3172795,0.7236665040721323,3.7713291789030876
